id,name,email,company,groupid,group,"created at"
11,"Miss Alessandra Metz",heber55@hotmail.com,,,,"2020-06-26 15:10:57"
9,"Devin Parisian",mitchell.alberta@gmail.com,,,,"2020-06-26 15:10:57"
6,"Laney Wiza",philip.hoeger@hotmail.com,,,,"2020-06-26 15:10:57"
3,"Ms. Alda Hessel MD",lpacocha@bergnaum.net,,,,"2020-06-26 15:10:57"
8,"Giovani Roberts",hahn.margarett@ankunding.com,,3,Sales,"2020-06-26 15:10:57"
2,"Alvera Ward DVM",mattie90@gmail.com,,2,Finance,"2020-06-26 15:10:57"
10,"Prof. Lowell Ruecker",wstark@hotmail.com,,,,"2020-06-26 15:10:57"
7,"Mr. Hadley Bosco",alessandro49@grant.org,,,,"2020-06-26 15:10:57"
5,"Miss Lauryn Russel",schuppe.yasmin@klocko.com,,,,"2020-06-26 15:10:57"
1,Halomoan,halomoan@uportal.test,,,,"2020-06-26 15:10:57"
4,"Prof. Kira O'Connell",leannon.alda@tremblay.com,,2,Finance,"2020-06-26 15:10:57"
